Name of outlet,Outlet URL
07030 Hoboken,https://hudsonreporter.com/category/issues/07030-hoboken-issue/
201,http://www.201magazine.com/#201magazine
24 Horas (Portuguese),https://24horasnewspaper.com/
ABS-CBN News (The Filipino Channel),https://balitangamerica.tv/
AC Primetime,https://acprimetime.com/atlantic-city-primetime-news/
"Acorn, The (Drew)",https://www.thedrewacorn.com/
"Advertiser News - North, The",http://advertisernewsnorth.com
"Advertiser News - South, The",http://advertisernewssouth.com
"African Sun Times, The",http://africansuntimes.com/
AfroPhilly.com,http://www.afrophilly.com/
Ahora,http://www.ahoranews.net
Al Dia,http://aldianews.com
All Around Pennsauken,http://allaroundpennsauken.com
Amandla,http://amandlanews.com
"Amboy Guardian, The",http://www.amboyguardian.com/
America Oggi (Italian),http://www.americaoggi.info
Amerikai Nepszava,https://nepszava.us
Americano,https://americanonewspaper.com/
Anointed News Journal,http://www.anointedonline.net/
Arab Voice,http://arabvoice.com/
"Argo, The ",http://www.stocktonargo.com
Asbury Park Press,http://www.app.com/
Asbury Park Sun,http://asburyparksun.com/
"Asian Journal, The",http://asianjournal.com
Atlantic Highlands Herald,http://www.ahherald.com/
"Atlantic Hub, The",http://www.centraljersey.com/news/atlantichub/
Bangla Patrika,http://www.banglapatrikausa.com/
Baristanet,https://baristanet.com
"Bayonne, Life on the Peninsula",https://hudsonreporter.com/category/issues/bayonne-life-on-the-peninsula-issue/
"Beacon, The (of William Paterson University)",http://www.wpubeacon.com
"Bergenfield, Dumont, & New Milford Daily Voice",https://dailyvoice.com/new-jersey/bergenfield
Berkeley Heights Community News,https://rennamedia.com/publications/berkeley-heights-community-news/
"Berlin Sun, The",https://thesunpapers.com/berlin-sun/
"Bernardsville News, The",http://www.newjerseyhills.com/bernardsville_news/
Black River News,https://www.mypaperonline.com/category/black-river-news
Blogfinger,https://blogfinger.net
Blue Jersey,http://www.bluejersey.com/
Bordentown Current,https://communitynews.org/bordentown-current/
"Brasilians, The",http://www.thebrasilians.com
Brazilian Press,http://www.brazilianpress.com
Brazilian Voice,http://www.brazilianvoice.com/category/bv_noticias/local
Brick City Live,https://brickcitylive.com
Brick Shorebeat,http://brick.shorebeat.com
Brigatine Now,https://brigantinenow.com/
"Brigatine Times, The",http://www.brigantinetimes.com/index.php
Burlington County Times,http://www.burlingtoncountytimes.com/
"Burlington Township Sun, The",https://burlingtontownshipsun.com/
Caldwell Life,https://www.mypaperonline.com/category/caldwell-news
Campus Press,https://www.camdencc.edu/student_life/campus-press/
Cape May County Herald,http://www.capemaycountyherald.com/
Cape May Star and Wave,http://www.starandwave.com
"Catholic Advocate, The",https://www.rcan.org/the-catholic-advocate
"Catholic Spirit, The",http://www.catholicspirit.com/
Catholic Star Herald,http://www.catholicstarherald.org
"Central Record, The",http://www.medfordcentralrecord.com
CentralJersey.com,http://www.centraljersey.com/
Chatham Courier,http://www.newjerseyhills.com/chatham_courier/
"Chathams, The",https://rennamedia.com/publications/the-chathams/
"Cherry Hill Sun, The",https://cherryhillsun.com/
"China Press, The",http://www.uschinapress.com
Chinese American News,http://www.new-new.com/about.asp
"Cinnaminson Sun, The",https://cinnaminsonsun.com/
"Citizen (of Morris County), The",http://www.newjerseyhills.com/the_citizen/
CivicStory,https://www.civicstory.org
Clark Monthly,https://rennamedia.com/publications/clark-monthly/
Cliffside Park-Edgewater Daily Voice,https://dailyvoice.com/new-jersey/cliffsidepark/
CNBnews.net,https://www.gloucestercitynews.net/clearysnotebook/gloucester_city_news/
"Coast Star, The & Ocean Star",https://starnewsgroup.com/
"Coaster, The",http://thecoaster.net/wordpress/
Community News,https://communitynews.org/
County Watchers,https://countywatchers.wordpress.com/
Courier News,http://www.mycentraljersey.com/news/courier-news/
"Courier Post, The",https://www.courierpostonline.com/
Cranbury Press,http://www.centraljersey.com/news/the_cranbury_press/
Cranford Monthly,https://rennamedia.com/publications/cranford-monthly/
Cranford Radio,https://cranfordradio.wordpress.com
Cresskill-Closter Daily Voice,https://dailyvoice.com/new-jersey/cresskill
"Criterion Sentinel, The",http://www.centraljersey.com/news/sentinel_edison_metuchen/
"Current of Egg Harbor Township, The",https://www.pressofatlanticcity.com/currents_gazettes/egg_harbor_township/
"Current of Galloway, Egg Harbor City & Port Republic, The",https://www.pressofatlanticcity.com/currents_gazettes/galloway_township/
"Current of Linwood, Nortthfield, & Somers Point, The",https://www.pressofatlanticcity.com/currents_gazettes/mainland/
"Current of Mays Landing & Township of Hamilton, The",https://www.pressofatlanticcity.com/currents_gazettes/hamilton_township/
"Current of Pleasantville & Absecon, The",https://www.pressofatlanticcity.com/currents_gazettes/pleasantville_absecon/
"Current of Ventnor, Margate & Longport, The",https://www.pressofatlanticcity.com/currents_gazettes/downbeach/
"Currents & Gazettes of Atlantic & Cape May Counties, The",https://www.pressofatlanticcity.com/currents_gazettes/site/
Daily Journal,http://www.thedailyjournal.com/
"Daily Princetonian, The",http://www.dailyprincetonian.com
Daily Record,http://www.dailyrecord.com/
"Daily Targum, The (Rutgers)",http://www.dailytargum.com
Dirt magazine,http://www.dirt-mag.com/
Divya Bhaskar,https://www.divyabhaskar.co.in
Downbeach Buzz,https://downbeachbuzz.com/
Dunellen 411,http://www.dunellen411.com/
East Brunswick Sentinel,http://www.centraljersey.com/news/sentinel_east_brunswick/
East Hanover/ Florham Park Life,https://www.mypaperonline.com/category/east-hanoverflorham-park-news
ECCO,https://eccobserverdotcom.wordpress.com/
Echoes-Sentinel,http://www.newjerseyhills.com/echoes-sentinel/
Edison/Metuchen Sentinel,http://www.centraljersey.com/news/sentinel_edison_metuchen/
El Especial / El Especialito(Spanish),http://elespecial.com/news/el-especialito/
El Sol,http://elsoln1.com/
"Englewood, Alpine, Englewood Cliffs & Tenafly Daily Voice",https://dailyvoice.com/new-jersey/englewood
"Epoch Times, The",https://www.theepochtimes.com/
"Equinox, The",https://fduequinox.wordpress.com/
eSecaucus,http://esecaucus.com/
Essex County Place,https://www.placenj.com/
Essex News Daily,https://essexnewsdaily.com/
Ewing Observer,https://communitynews.org/ewing-observer/
"Examiner, The",http://www.centraljersey.com/news/examiner/
Express-Times,http://www.lehighvalleylive.com/expresstimes/
Dirt magazine,http://www.dirt-mag.com/
Fair Lawn-Glen Rock Daily Voice,https://dailyvoice.com/new-jersey/fairlawn
Fanwood Post,https://rennamedia.com/publications/fanwood-post/
FilAm.net,http://thefilam.net
"Filipino Express, The",http://www.filipinoexpress.com
"Filipino Reporter, The",http://www.filipinoreporter.us 
Florham Park Eagle,http://www.newjerseyhills.com/florham_park_eagle/
"Fort Lee, Leonia, & Palisades Park Daily Voice",https://dailyvoice.com/new-jersey/fortlee
Forward,https://forward.com/
Franklin Reporter & Advocate,http://www.franklinreporter.com/
Garfield-Lodi Daily Voice,https://dailyvoice.com/new-jersey/garfield
Garwood Times,https://rennamedia.com/publications/garwood-times/
"Gazette, The",http://www.the-gazette-newspaper.com/
"Gazette, The",https://www.northjersey.com/?fbclid=IwAR3MTLRt4BFrGFRnLoOh4To_lTomR1s4fpjql8CMiCYf9KcT3c1VYNqerLs
Glen Rock News Today,http://glenrocknews.today/
Gloucester Township News,http://gloucestertownshipnews.com
"Gothic Times, The",https://gothictimes.net/
Green Brook Gazette,https://rennamedia.com/publications/green-brook-gazette/
Gujarat Darpan,http://gujaratdarpan.com
Gujarat Samachar,https://www.gujaratsamachar.com
Gujarat Times,http://gujarattimesusa.com
Hackensack Daily Voice,https://dailyvoice.com/new-jersey/hackensack
Hackettstown Life,https://www.mypaperonline.com/category/the-hackettstown-news#
"Haddonfield Sun, The",https://haddonfieldsun.com/
Hamilton Post,https://communitynews.org/hamilton-post/
Hammonton Gazette,http://www.hammontongazette.com/
"Hammonton News, The",https://www.thehammontonnews.com/
Hanover Eagle,http://www.newjerseyhills.com/hanover_eagle/
Hanover Life,https://www.mypaperonline.com/category/hanover-news
Hellenic News of America,https://hellenicnews.com/
Highland Park Planet,http://www.highlandparkplanet.org/
Hillsborough Beacon,http://www.centraljersey.com/news/hillsborough_beacon/
Hoboken 411,http://hoboken411.com/
Hoboken Real Estate News,http://hobokenrealestatenews.com
HomeTowne TV,http://hometownetv.org/
"HomeTown Life- Lincoln Park, Pequuanock, Pompton Plains",https://www.mypaperonline.com/category/hometown-lincoln-park-pequuanock-pompton-plains
"HomeTown Life- Pompton Lakes, Bloomingdale, Riverdale, Kinnelon, Smokerise",https://www.mypaperonline.com/category/pompton-laks-bloomingdale-riverdale-butler-kinnelon-smokerise
Hopewell Express,https://communitynews.org/hopewell-express/
Hopewell Valley News,http://www.centraljersey.com/news/hopewell_valley_news/
"Howell Times, The",https://www.jerseyshoreonline.com/thehowelltimes/
Hudson County View,https://hudsoncountyview.com/
"Hudson Mile Square View, The",http://www.hobokenhorse.com/
Hudson Reporter.com,http://www.hudsonreporter.com
Hunterdon County Democrat,http://www.nj.com/hunterdon-county-democrat/
"Hunterdon County News, The",https://thehunterdoncountynews.com/
Hunterdon Observer,http://www.nj.com/hunterdon/
Hunterdon Review,http://www.newjerseyhills.com/hunterdon_review/
ICN radio,http://www.icnradio.com/
Impacto,https://impactolatin.com/
"Independent, The",http://www.centraljersey.com/news/independent/
Independent Press,http://www.nj.com/independentpress/
India Abroad,https://www.indiaabroad.com
"Ink, The (Princeton University Press Club)",http://www.universitypressclub.com/the-ink/
Insider NJ,https://www.insidernj.com/
"Irish Echo, The",https://www.irishecho.com
Irish Edition Newspaper,http://www.irishedition.com/
Irish Central,https://www.irishcentral.com/
Italian Tribune (Italian),http://www.italiantribune.com/
"Jackson Times, The",https://www.jerseyshoreonline.com/thejacksontimes/
Jersey City Magazine,https://hudsonreporter.com/category/issues/jersey-city-magazine-issue/
Jersey Shore Hurricane News,https://www.facebook.com/JerseyShoreHurricaneNews
Jersey Shore Online,https://www.jerseyshoreonline.com/
Jersey Tomato Press,http://thejerseytomatopress.com/
Jersey Voices,http://www.jerseyvoices.com
Jewish Community Voice,http://www.jewishvoicesnj.org/
"Jewish Exponent, The",http://jewishexponent.com
Jewish Link NJ,https://www.jewishlinknj.com/
Jewish Standard,http://jewishstandard.timesofisrael.com/
Jewish Voice and Opinion,https://thejewishvoiceandopinion.com/
Kenilworth Life,https://rennamedia.com/publications/life-in-kenilworth/
Korea Daily,http://www.koreadailyus.com/
"Korea Times, The",http://www.koreatimesus.com
KYW-TV,http://kywnewsradio.radio.com/
La Tribuna de New Jersey Y New York,https://latribunanj.com/
La Voce di NY (The Italian Voice of NY),http://www.lavocedinewyork.com/en/
La Voz,http://www.lavoznj.com/LaVozVB/Editions/01102019/01102019.aspx
"Lakewood Scoop, The",http://www.thelakewoodscoop.com/
Life in Linden,https://rennamedia.com/publications/life-in-linden/
"Madison Eagle, The",http://www.newjerseyhills.com/madison_eagle/
Madison Monthly,https://rennamedia.com/publications/madison-monthly/
"Manchester Times, The",https://www.jerseyshoreonline.com/themanchestertimes/
Latinos Unidos de Nueva Jersey,http://www.lunj.net
Lawrence Gazette,https://communitynews.org/lawrence-gazette/
"Lawrence Ledger, The",http://www.centraljersey.com/news/the_lawrence_ledger/
"Legal Intelligencer, The",https://www.law.com/thelegalintelligencer/
"Link News, The",http://thelinknews.net
Livingston Life,https://www.mypaperonline.com/category/livingston-news
Long Hill Leader,https://rennamedia.com/publications/long-hill-leader/
Luso Americano,http://www.lusoamericano.com
"Lyndhurst, North Arlington, & Wallington Daily Voice",https://dailyvoice.com/new-jersey/lyndhurst
Mahwah-Ramsey Daily Voice,https://dailyvoice.com/new-jersey/mahwah
Main Line Suburban Life,http://www.mainlinemedianews.com/mainlinesuburbanlife/
Main Line Times,http://www.mainlinemedianews.com/mainlinetimes/
"Mantua Sun, The",https://medium.com/the-mantua-sun
"Manchester Times, The",https://www.jerseyshoreonline.com/themanchestertimes/
"Marlton Sun, The",https://marltonsun.com/
Matters Magazine,https://www.mattersmagazine.com/stories
"Medford Sun, The",https://medfordsun.com/
Mandham Life,https://www.mypaperonline.com/category/the-mendham-news
Mercer Me,http://mercerme.com
Metro Philadelphia,http://www.metro.us/philadelphia
"Middle Township Gazette, The",https://www.pressofatlanticcity.com/currents_gazettes/middle_township/
Middletown Independent,http://www.centraljersey.com/news/independent/
Millburn/ Short Hills/ Maplewood Life,https://www.mypaperonline.com/category/millburn-news
"Monitor, The",http://trentonmonitor.com/
"Monmouth Journal, The",http://www.themonmouthjournal.com
"Montclair Dispatch, The",https://montclairdispatch.com
"Montclair Local, The",https://www.montclairlocal.news/wp/
"Montclarion, The",http://www.themontclarion.org/
Montgomery News,https://www.themontynews.org/
"Moorestown Sun, The",https://moorestownsun.com/
More Monmouth Musings,http://www.moremonmouthmusings.net/
"Morning Call, The",http://www.mcall.com/
Morris News-Bee,http://www.newjerseyhills.com/morris_news_bee/
Morristown Green,http://www.morristowngreen.com/
Morristown Life,https://www.mypaperonline.com/category/the-morristown-news
Mountainside View,https://rennamedia.com/publications/mountainside-view/
Mount Olive Chronicle,http://www.newjerseyhills.com/mt_olive_chronicle/
Mt. Olive News,https://www.mypaperonline.com/category/the-mt-olive-news
"Mt. Laurel Sun, The",http://mtlaurelsun.com
"Mullica Hill Sun, The",https://thesunpapers.com/mullica-hill-sun/
My Central Jersey,https://www.mycentraljersey.com/
MyVeronaNJ,http://www.myveronanj.com/
New Brunswick Today,http://www.newbrunswicktoday.com/
New Jersey Business,https://njbmagazine.com/
New Jersey Buzz,https://newjerseybuzz.com/
New Jersey Farmer,https://americanfarmpublications.com/the-new-jersey-farmer/
New Jersey Globe,https://newjerseyglobe.com/
New Jersey Herald,http://www.njherald.com/
New Jersey Jewish News,https://njjewishnews.timesofisrael.com/
New Jersey Monthly,http://www.njmonthly.com/
New Jersey Public Radio,https://www.wnyc.org/series/new-jersey-public-radio/
New Jersey Revolution Radio,http://njrevolutionradio.com/
New Jersey Tech Weekly,http://www.njtechweekly.com/
New Providence News,https://rennamedia.com/publications/new-providence-news/
New Tang Dynasty TV,https://www.ntd.tv
"New Town Press, The",https://newtownpress.com/
"New York Times, The",http://nytimes.com/
Newark Black News,http://www.newarkblack.com
News 12 New Jersey,http://newjersey.news12.com/
News India Times,http://www.newsindiatimes.com
News Transcript,http://www.centraljersey.com/news/news_transcript/
News12 NJ,http://newjersey.news12.com
NJ Environment News,http://njenvironmentnews.com
NJ Pen,https://www.njpen.com
NJ Spotlight,http://www.njspotlight.com/
NJ.com,http://www.nj.com/
NJBiz,http://www.njbiz.com/
NJToday.net,http://www.njtoday.net/
NJTV (same as WNJT-TV),https://www.njtvonline.org/news/
Noticiero Columbiano Hispano,http://www.noticierohispano.com/
North & South Brunswick Sentinel,http://www.centraljersey.com/news/sentinel_north_south_brunswick/
North Passaic Daily Voice,https://dailyvoice.com/new-jersey/northpassaic
Northern Highlands Daily Voice,https://dailyvoice.com/new-jersey/northernhighlands
Northern Valley Daily Voice,https://dailyvoice.com/new-jersey/northernvalley
Northern Valley Press,https://thepressgroup.net/category/northern-valley-press/
NorthJersey.com,http://www.northjersey.com/
Nowy Dziennik Polish Daily News (Polish),http://www.dziennik.com
"Nubian News, The",https://thenubiannews.com/
Observer New Jersey Politics,http://www.politickernj.com/
"Observer Online, The",http://www.theobserver.com/
Observer Tribune,https://www.newjerseyhills.com/observer-tribune/
Ocean City Sentinel,http://www.ocsentinel.com/
OCNJ Daily,http://ocnjdaily.com/
OSM!,http://justcliqit.com
Our Town Rahway,https://rennamedia.com/publications/our-town-rahway/
"Outlook, The (Monmouth University)",http://outlook.monmouth.edu
"Palmyra Sun, The",https://thesunpapers.com/palmyra-sun/
"Paramus Post, The",http://www.paramuspost.com/
"Paramus, Oradell, & River Edge Daily Voice",https://dailyvoice.com/new-jersey/paramus
Parsippany Focus,http://parsippanyfocus.com
Pascack Press,https://thepressgroup.net/category/pascack-press/
Pascack Valley Daily Voice,https://dailyvoice.com/new-jersey/pascackvalley
Patch-Asbury Park,https://patch.com/new-jersey/asbury-park
Patch-Barnegat-Manahawkin,http://patch.com/new-jersey/barnegat-manahawkin
Patch-Basking Ridge,http://patch.com/new-jersey/baskingridge
Patch-Belleville-Nutley,http://patch.com/new-jersey/belleville
Patch-Berkeley,http://patch.com/new-jersey/berkeley-nj
Patch-Bernardsville-Bedminster,http://patch.com/new-jersey/bernardsville-bedminster
Patch-Bloomfield,http://patch.com/new-jersey/bloomfield
Patch-Brick,http://patch.com/new-jersey/brick
Patch-Bridgewater,http://patch.com/new-jersey/bridgewater
Patch-Caldwells,http://patch.com/new-jersey/caldwells
Patch-Chatham,http://patch.com/new-jersey/chatham
Patch-Cherry Hill,http://patch.com/new-jersey/cherryhill
Patch-Cinnaminson,http://patch.com/new-jersey/cinnaminson
Patch-Clark-Garwood,http://patch.com/new-jersey/clark
Patch-Collingswood,http://patch.com/new-jersey/collingswood
Patch-Cranford,http://patch.com/new-jersey/cranford
Patch-East Brunswick,http://patch.com/new-jersey/eastbrunswick
Patch-East Hanover-Florham Park,http://patch.com/new-jersey/easthanover-florhampark
Patch-East Windsor,http://patch.com/new-jersey/eastwindsor
Patch-Edison-Metuchen,https://patch.com/new-jersey/edison-metuchen
Patch-Englewood-Englewood Cliffs,http://patch.com/new-jersey/englewood
Patch-Fair Lawn-Saddle Brook,https://patch.com/new-jersey/fairlawn-saddlebrook
Patch-Flemington,https://patch.com/new-jersey/flemington
Patch-Fort Lee,http://patch.com/new-jersey/fortlee
Patch-Freehold,http://patch.com/new-jersey/freehold
Patch-Galloway,http://patch.com/new-jersey/galloway
Patch-Gloucester Township,http://patch.com/new-jersey/gloucestertownship
Patch-Hackettstown,http://patch.com/new-jersey/hackettstown
Patch-Haddonfield-Haddon Township,https://patch.com/new-jersey/haddon
Patch-Hasbrouck Heights,http://patch.com/new-jersey/hasbrouckheights
Patch-Hillsborough,http://patch.com/new-jersey/hillsborough
Patch-Hoboken,http://patch.com/new-jersey/hoboken
Patch-Holmdel-Hazlet,https://patch.com/new-jersey/holmdel-hazlet
Patch-Hopatcong-Sparta,https://patch.com/new-jersey/hopatcong-sparta
Patch-Hopewell-Pennington,https://patch.com/new-jersey/hopewell-pennington
Patch-Howell,http://patch.com/new-jersey/howell
Patch-Jefferson,http://patch.com/new-jersey/jefferson
Patch-Jersey City,https://patch.com/new-jersey/jersey-city
Patch-Lacey,http://patch.com/new-jersey/lacey
Patch-Lakewood,https://patch.com/new-jersey/lakewood-nj
Patch-Lawrenceville,http://patch.com/new-jersey/lawrenceville
Patch-Little Silver-Oceanport,https://patch.com/new-jersey/littlesilver
Patch-Livingston,http://patch.com/new-jersey/livingston
Patch-Long Branch-Eatontown,https://patch.com/new-jersey/longbranch
Patch-Long Valley,https://patch.com/new-jersey/longvalley
Patch-Madison,http://patch.com/new-jersey/madison
Patch-Mahwah,http://patch.com/new-jersey/mahwah
Patch-Manalapan,http://patch.com/new-jersey/manalapan
Patch-Manasquan-Belmar,http://patch.com/new-jersey/manasquan
Patch-Manchester,https://patch.com/new-jersey/manchester-nj
Patch-Manville,https://patch.com/new-jersey/manville
Patch-Maplewood,http://patch.com/new-jersey/maplewood
Patch-Marlboro-Coltsneck,https://patch.com/new-jersey/marlboro-coltsneck
Patch-Matawan-Aberdeen,https://patch.com/new-jersey/matawan-aberdeen
Patch-Mendham-Chester,https://patch.com/new-jersey/mendham-chester
Patch-Middlesex,https://patch.com/new-jersey/middlesex
Patch-Middletown,https://patch.com/new-jersey/middletown-nj
Patch-Millburn-Short Hills,http://patch.com/new-jersey/millburn
Patch-Montclair,http://patch.com/new-jersey/montclair
Patch-Montville,http://patch.com/new-jersey/montville
Patch-Moorestown,http://patch.com/new-jersey/moorestown
Patch-Morris Township-Morris Plains,https://patch.com/new-jersey/morris
Patch-Morristown,http://patch.com/new-jersey/morristown
Patch-New Brunswick,https://patch.com/new-jersey/newbrunswick
Patch-New Milford,https://patch.com/new-jersey/newmilford-nj
Patch-New Providence-Berkeley Heights,https://patch.com/new-jersey/newprovidence
Patch-Newark,http://patch.com/new-jersey/newark
Patch-Oakland,http://patch.com/new-jersey/oakland
Patch-Ocean City,https://patch.com/new-jersey/oceancity
Patch-Paramus,http://patch.com/new-jersey/paramus
Patch-Parsippany,http://patch.com/new-jersey/parsippany
Patch-Point Pleasant,https://patch.com/new-jersey/pointpleasant
Patch-Princeton,http://patch.com/new-jersey/princeton
Patch-Ramsey,https://patch.com/new-jersey/ramsey-nj
Patch-Randolph,https://patch.com/new-jersey/randolph
Patch-Red Bank-Shrewsbury,https://patch.com/new-jersey/redbank
Patch-Ridgewood-Glen Rock,http://patch.com/new-jersey/ridgewood
Patch-River Dell,https://patch.com/new-jersey/riverdell
Patch-Rumson-Fair Haven,http://patch.com/new-jersey/rumson
Patch-Scotch Plains-Fanwood,https://patch.com/new-jersey/scotchplains
Patch-Secaucus,https://patch.com/new-jersey/secaucus
Patch-South Brunswick,https://patch.com/new-jersey/southbrunswick
Patch-South Orange,https://patch.com/new-jersey/southorange
Patch-Springfield,http://patch.com/new-jersey/springfield
Patch-Summit,https://patch.com/new-jersey/summit
Patch-Teaneck,http://patch.com/new-jersey/teaneck
Patch-Toms River,https://patch.com/new-jersey/tomsriver
Patch-Tri-Boro,https://patch.com/new-jersey/triboro
Patch-Verona-Cedar Grove,https://patch.com/new-jersey/verona
Patch-Wall,https://patch.com/new-jersey/wall
Patch-Warren,http://patch.com/new-jersey/warren
Patch-Watchung-Green Brook,https://patch.com/new-jersey/watchung-greenbrook
Patch-Wayne,http://patch.com/new-jersey/wayne
Patch-West Deptford,https://patch.com/new-jersey/westdeptford
Patch-West Orange,https://patch.com/new-jersey/westorange
Patch-West Windsor,https://patch.com/new-jersey/west-windsor
Patch-Westfield,http://patch.com/new-jersey/westfield
Patch-Westwood-Hillsdale,https://patch.com/new-jersey/westwood-hillsdale
Patch-Woodbridge,http://patch.com/new-jersey/woodbridge
Patch-Wyckoff,http://patch.com/new-jersey/wyckoff
Paterson Times,http://patch.com/new-jersey/wyckoff
"Pauw Wow, The",http://www.thepauwwow.org/
Peterson's Breaking News of Trenton,https://www.facebook.com/BREAKINGNEWSOFTRENTON
Peterstown NJ,https://rennamedia.com/publications/peterstown-nj/
Philadelphia Business Journal,https://www.bizjournals.com/philadelphia/
Philadelphia Gay News,http://www.epgn.com/
Philadelphia Inquirer,http://www.philly.com/inquirer/
Philadelphia Magazine,http://www.phillymag.com/
Philadelphia News,https://thephilanews.com/
"Philadelphia Tribune, The",http://www.phillytrib.com/
Philadelphia Weekly,http://www.philadelphiaweekly.com/
Plainfield Today,http://ptoday.blogspot.com/
Planet Princeton,http://www.planetprinceton.com/
Planet Trenton,http://planettrenton.org/
"Post Eagle, The",https://www.posteaglenewspaper.com/
PLUS (Polish-American weekly),http://www.tygodnikplus.com
"Press of Atlantic City, The",http://www.pressofatlanticcity.com/
Princeton Echo,https://communitynews.org/princeton-echo/
Princeton Magazine,http://www.princetonmagazine.com/
"Princeton Packet, The",http://www.centraljersey.com/news/the_princeton_packet/
"Progress, The",http://www.newjerseyhills.com/the_progress/
Quo Vadis,http://www.quovadisnewspaper.com
Philly Voice,https://www.phillyvoice.com/
"Pillar, The",http://www.fdupillar.com/
Pine Barrens Tribune,http://pinebarrenstribune.com/
Pioneer Times,https://wputimes.wordpress.com/
"Positive Community, The",https://thepositivecommunity.com/
Rahway Rising,http://www.rahwayrising.com/
Ramapo News,http://www.ramaponews.com
Randolph Life,https://www.mypaperonline.com/category/the-randolph-news
"Randolph Reporter, The",http://www.newjerseyhills.com/randolph_reporter/
"Record, The",https://www.northjersey.com/
Red Bank Green,http://www.redbankgreen.com/
"Register News, The",http://www.centraljersey.com/news/the_register_news/
"Reminder (USA), The (Cumberland)",http://www.reminderusa.net/
Reporte Hispano,http://www.reportehispano.com/
"Retrospect, The",http://www.theretrospect.com
"Rider News, The",http://www.theridernews.com
Ridgefield Park-Hasbrouck Heights Daily Voice,https://dailyvoice.com/new-jersey/ridgefieldpark
Ridgewood Blog,http://theridgewoodblog.net/
Ridgewood Daily Voice,https://dailyvoice.com/new-jersey/ridgewood
Robbinsville Advance,https://communitynews.org/robbinsville-advance/
ROI (Return on Information),http://www.roi-nj.com/
Route 40,http://rtforty.com
Roxbury Life,https://www.mypaperonline.com/category/the-roxbury-news
Roxbury Register,http://www.newjerseyhills.com/roxbury_register/
"(Rutgers-Newark) Observer, The",https://theobservernewark.com/news
"Rutherford, Carlstadt & East Rutherford Daily Voice
",https://dailyvoice.com/new-jersey/rutherford
Saddle Brook-Elmwood Park Daily Voice,https://dailyvoice.com/new-jersey/saddlebrook
"SandPaper, The",http://www.thesandpaper.net
Save Jersey,https://savejersey.com/
Scoop Usa,http://www.scoopusanewspaper.com/
Scotch Plains What's Happening Monthly,https://rennamedia.com/publications/scotch-plains-whats-happening-monthly/
"Sentinel of Gloucester County, The",http://thenjsentinel.com/
"Setonian, The (of Seton Hall University)",http://www.setonian.com
"Shamong Sun, The",https://thesunpapers.com/shamong-sun/
Shore Local,https://www.shorelocalnews.com/
"Sicklerville Sun, The",https://thesunpapers.com/sicklerville-sun/
"Signal, The",http://www.tcnjsignal.net
Sino Monthly,http://www.sino-monthly.com
SJ Mag,https://sjmagazine.net/
SNJ Today,http://www.snjtoday.com/
"Source, The",http://mycommunitysource.com
South Jersey Biz,https://www.southjerseybiz.net/
South Jersey Observer,https://southjerseyobserver.com/
South Orange Maplewood Online Radio Experience (SOMORE),http://somore.org/
South Passaic Daily Voice,https://dailyvoice.com/new-jersey/southpassaic/
South Philly Review,https://southphillyreview.com/
Sparta Independent,http://www.spartaindependent.com/
Spirit of Union,https://rennamedia.com/publications/spirit-of-union/
"Stall, The",http://stall.brookdalecc.edu/
"Star-Ledger, The",http://www.nj.com/starledger/
State Broadcast News,https://statebroadcastnews.com/category/garden/
"Stute, The",http://thestute.com/
"Suburban, The",http://www.centraljersey.com/news/suburban/
Summit Times,https://rennamedia.com/publications/summit-times/
Svoboda (Ukrainian),http://svoboda-news.com
"Tabernacle Sun, The",https://thesunpapers.com/tabernacle-sun/
TAP info Barnegat/Waretown,https://www.tapinto.net/towns/barnegat-slash-waretown/
TAP into Basking Ridge,https://www.tapinto.net/towns/basking-ridge
TAP into Bayonne,https://www.tapinto.net/towns/bayonne/
TAP into Belmar/Lake Como,https://www.tapinto.net/towns/belmar-slash-lake-como/
TAP into Berkeley Heights,https://www.tapinto.net/towns/berkeley-heights/
TAP into Bloomfield,https://www.tapinto.net/towns/bloomfield/
TAP into Bridgewater/Raritan (the Breeze),https://www.tapinto.net/towns/bridgewater-slash-raritan/
TAP into Camden,https://www.tapinto.net/towns/camden/
TAP into Chatham,https://www.tapinto.net/towns/chatham/
TAP into Clark,https://www.tapinto.net/towns/clark/
Tap into Cranford,https://www.tapinto.net/towns/cranford/
Tap into Denville,https://www.tapinto.net/towns/denville/
Tap into East Brunswick,https://www.tapinto.net/towns/east-brunswick/
Tap into East Hanover/Florham Park,https://www.tapinto.net/towns/east-hanover-slash-florham-park/
TAP into East Orange/Orange,https://www.tapinto.net/towns/east-orange-slash-orange/
TAP into Edison,https://www.tapinto.net/towns/edison/
Tap into Elizabeth,https://www.tapinto.net/towns/elizabeth/
TAP into Fair Lawn/Glen Rock,https://www.tapinto.net/towns/fair-lawn-slash-glen-rock/
Tap into Flemington/Raritan,https://www.tapinto.net/towns/flemington-slash-raritan/
TAP into Franklin Township,https://www.tapinto.net/towns/franklin-township/
TAP into Hackensack,https://www.tapinto.net/towns/hackensack/
TAP into Hamilton/ Robbinsville,https://www.tapinto.net/towns/hamilton-slash-robbinsville/
TAP into Hasbrouck Heights/Wood-Ridge/Teterboro,https://www.tapinto.net/towns/hasbrouck-heights-slash-wood-ridge-slash-teterboro/
TAP into Hawthorne,https://www.tapinto.net/towns/hawthorne/
Tap into Hillsborough,https://www.tapinto.net/towns/hillsborough/
TAP into Hillside,https://www.tapinto.net/towns/hillside/
TAP into Holmdel/Colts Neck,https://www.tapinto.net/towns/holmdel-and-colts-neck/
TAP into Linden,https://www.tapinto.net/towns/linden/
TAP into Livingston,https://www.tapinto.net/towns/livingston/
TAP into Madison,https://www.tapinto.net/towns/madison/
TAP into Middletown,https://www.tapinto.net/towns/middletown/
TAP into Millburn/Short Hills,https://www.tapinto.net/towns/millburn-slash-short-hills/
Tap into Milltown/Spotswood,https://www.tapinto.net/towns/milltown-slash-spotswood/
TAP into Montclair,https://www.tapinto.net/towns/montclair/
Tap into Montville,https://www.tapinto.net/towns/montville/
TAP into Morristown,https://www.tapinto.net/towns/morristown/
Tap into Mountainside,https://www.tapinto.net/towns/mountainside/
Tap into New Brunswick,https://www.tapinto.net/towns/new-brunswick/
Tap into New Providence,https://www.tapinto.net/towns/new-providence/
TAP into Newark,https://www.tapinto.net/towns/newark/
TAP into Newton,https://www.tapinto.net/towns/newton/
Tap into North Plainfield/Green Brook/Watchung,https://www.tapinto.net/towns/north-plainfield-slash-green-brook/
Tap into Nutley,https://www.tapinto.net/towns/nutley/
TAP into Paramus,https://www.tapinto.net/towns/paramus/
TAP into Parsippany,https://www.tapinto.net/towns/parsippany/
Tap into Passaic Valley,https://www.tapinto.net/towns/passaic-valley/
Tap into Paterson,https://www.tapinto.net/towns/paterson/
TAP into Piscataway,https://www.tapinto.net/towns/piscataway/
Tap into Plainfield,https://www.tapinto.net/towns/plainfield/
TAP into Randolph,https://www.tapinto.net/towns/randolph/
TAP into Red Bank,https://www.tapinto.net/towns/red-bank/
TAP into Roselle/Roselle Park,https://www.tapinto.net/towns/roselle-roselle-park/
Tap into Roxbury,https://www.tapinto.net/towns/roxbury/
TAP into Scotch Plains/Fanwood,https://www.tapinto.net/towns/scotch-plains-slash-fanwood/
TAP into SOMA (South Orange/Maplewood),https://www.tapinto.net/towns/soma/
Tap into Somerset Hills,https://www.tapinto.net/towns/somerset-hills/
Tap into Somerville,https://www.tapinto.net/towns/somerville/
Tap into South Brunswick,https://www.tapinto.net/towns/south-brunswick-cranbury/
TAP into South Plainfield,https://www.tapinto.net/towns/south-plainfield/
TAP into Sparta,https://www.tapinto.net/towns/sparta/
Tap into Springfield,https://www.tapinto.net/towns/springfield/
TAP into Stafford/LBI,https://www.tapinto.net/towns/stafford-slash-lbi/
TAP into Summit,https://www.tapinto.net/towns/summit/
Tap into Union,https://www.tapinto.net/towns/union/
Tap into Verona/Cedar Grove,https://www.tapinto.net/towns/verona-slash-cedar-grove/
Tap into Warren,https://www.tapinto.net/towns/warren/
TAP into West Essex,https://www.tapinto.net/towns/west-essex/
TAP into West Orange,https://www.tapinto.net/towns/west-orange/
TAP into Westfield,https://www.tapinto.net/towns/westfield/
Teaneck Daily Voice,https://dailyvoice.com/new-jersey/teaneck
Time Off,http://www.centraljersey.com/time_off/
"Times (of Trenton), The",http://www.nj.com/times/
Times Herald Record,https://www.recordonline.com/
Toms River Villager,http://www.centraljersey.com/news/toms_river_villager/
"Torch, The (Bergen Community College)",http://torchbcc.com/
"Tower, The",http://www.kean.edu/~thetower
Town Topics,http://www.towntopics.com
"Township Journal, The",http://www.townshipjournal.com/
Transportation Radio,http://www.transportationradio.com/
"Trenton Downtowner, The",https://communitynews.org/trenton-downtowner/
"Trenton Monitor, The",https://trentonmonitor.com/
"Trentonian, The",http://www.trentonian.com/
Tri-State Voice,https://www.tristatevoice.com/
Tri-Town News,http://www.centraljersey.com/news/tri_town_news/
TV30,https://www.princetontv.org/Home.html
TV Asia,http://www.tvasiausa.com
"Two River Times, The",http://www.tworivertimes.com
U.S. 1,https://princetoninfo.com/
Ukrainian Weekly (Ukrainian),http://www.ukrweekly.com
Union News Daily,http://unionnewsdaily.com
"Upper Township Gazette, The",https://www.pressofatlanticcity.com/currents_gazettes/upper_township/
Urban Agenda,http://www.urbanagendamagazine.com/
Urdu News,http://thepakistaninewspaper.com/
"Vector, The",http://thevector.njit.edu
Viking News,https://occvikingnews.org/
"Village Green, The",http://www.villagegreennj.com/
Visions,https://www.visionsnewspaper.com/
"Voice, The",https://cccvoice.wordpress.com/
"College Voice, The",http://www.mcccvoice.org/
"Voorhees Sun, The",https://thesunpapers.com/voorhees-sun/
WABC-TV,https://abc7ny.com/new-jersey/
WABT,https://pocono967.com/
WADB-AM,https://mybeachradio.com/
WAIV-FM (same as WAYV-FM),https://www.951wayv.com/
"Wall Street Journal, The",https://www.wsj.com/
Warren Monthly,https://rennamedia.com/publications/warren-monthly/
"Washington Twp Sun, The",https://thesunpapers.com/washington-twp-sun/
Watchung Post,https://rennamedia.com/publications/watchung-post/
Wayne Life,https://www.mypaperonline.com/category/hometown-wayne
WBCB 1490 AM,http://www.wbcbnews.com/
WBGO-FM,https://www.wbgo.org/category/news
WBJB-FM (Brookdale Public Radio),http://wbjb.org/home.php/
WCAU,https://www.nbcphiladelphia.com/
WCHR-AM,https://1057thehawk.com/
WCMC-AM (same as WMID),https://www.classicoldieswmid.com/
WCTC-AM,https://wctcam.com/
WCVH-FM,http://wcvhfm.weebly.com/news.html
WCZT-FM,http://987thecoast.com/
WDVR-FM,https://www.pennjerseyradio.org/
WEHA-FM,https://www.wehavegospel.com/
West Essex Tribune,https://www.westessextribune.net/
West Milford Messenger,http://www.westmilfordmessenger.com/
West Orange Life,https://www.mypaperonline.com/category/west-orange-news
West Windsor & Plainsboro News,https://communitynews.org/west-windsor-news/
"Westfield Leader, The",https://www.goleader.com/
WFMZ-TV,http://www.wfmz.com/
WFPA-CD,https://www.univision.com/local/philadelphia-wuvp
WFPG-FM,https://literock969.com/
WGHT-AM,https://www.wghtradio.com/
WGLS-FM,https://wgls.rowan.edu/
"Whit, The",http://www.thewhitonline.com
WHWH-AM,http://www.radiowttm1680.com/index_files/Page447.htm
WHYY,https://whyy.org/news/
WIFI-AM "Victory AM 1460",http://www.wifiam1460.com/index.php
"Williamstown Sun, The",https://medium.com/the-williamstown-sun
WIMG-AM,http://wimg1300.com/index.html#.XSTOH5NKg5s
Windsor-Hights Herald,http://www.centraljersey.com/news/windsor_hights_herald/
Wired Jersey,http://www.wiredjersey.com/
WJLK-FM,https://943thepoint.com/
WJLP Me-TV3,http://wjlp3.com/
WJSE-FM,http://theshore1063.com/
WKMB-AM,http://tapon1070.com/
WKXW-FM,https://nj1015.com/category/new-jersey-news/
WLIW TV NY,https://www.wliw.org/
WLVT-TV,https://www.wlvt.org/
WMBA TV,http://www.wbmatv.com/
"WMBC TV (& WMBC3, WMBC4)",https://wmbctv.com/
WMGM-TV,https://philadelphia.cbslocal.com/
WMGQ-FM,https://magic983.com/
WMIZ-AM,http://wmizradio.com/index1.html
WMTR-AM,https://magic983.com/
WNET "Thirteen",https://www.wnet.org/
WNJC-AM,http://wnjc.duxpond.com/
WNJE-AM 920,https://920thejersey.com/
WNJU-TV,https://www.telemundo47.com/
WNTP AM 990,https://newstalk990.com/
"WNYC-FM (simulcasts on WNJP-FM, WNJY-FM, WNJT-FM, WNJO-FM)",https://www.wnyc.org/
WNYE-FM,https://www1.nyc.gov/site/media/radio/radio-home.page
WNYM-AM,https://am970theanswer.com/
WOBM-AM,https://mybeachradio.com/
WOBM-FM,https://wobm.com/
WOND-AM,http://wondradio.com/
"Woodbridge Channels, The",http://www.twp.woodbridge.nj.us/244/TV-35-36
"World Journal, The",https://www.worldjournal.com/
WPAT-AM,http://www.wpat930am.com/
WPGG-AM,https://wpgtalkradio.com/
WPHL-TV,https://phl17.com/
WPHT,http://1210wpht.radio.com/
WPPZ,http://praisephilly.com/
WPST-FM,https://wpst.com/
WPVI,https://6abc.com/
WQXR-FM,https://www.wqxr.org/
WRNJ-AM,http://www.wrnj.com/
WRRC-FM,http://www.1077thebronc.com/
WRSU-FM,http://radio.rutgers.edu/
WRTI FM 90.1,http://www.wrti.org/
WSJO-FM,https://sojo1049.com/
WSOU-FM,http://www.wsou.net/
WSUS-FM,https://wsus1023.iheart.com/
WTSR-FM,http://wtsr.org/
WTXF,http://www.fox29.com/
WURD AM 900/96.1 FM,https://wurdradio.com/
WUVP,https://www.univision.com/philadelphia/wuvp
WVLT-FM,https://www.wvlt.com/
WVNJ-AM,http://www.wvnj.com/
WVPH-FM,http://www.thecore.fm/public/index.php
"WWFM-FM (incl. WWCJ, WWNJ, WWPJ)",https://www.wwfm.org/
WWOR-TV,http://www.my9nj.com
WWRL-AM,http://radiozindagi.com/newyork/
WWRV-AM,http://www.radiovision.net/
WWRU-AM,https://www.am1660.com/
WWSI ,https://www.telemundo62.com/
WWTR-AM,https://www.ebcmusic.com/
WXPN (same as WXPJ-FM),http://www.xpn.org/
WXTV-TV,http://www.stationindex.com/tv/callsign/WXTV
Wyckoff-Franklin Lakes Daily Voice,https://dailyvoice.com/new-jersey/wyckoff
Yeshiva World News,https://www.theyeshivaworld.com/
Zaman Amerika,http://zamanamerika.com/
